{
  "command.activateIcons": "Material Icon Theme: Activar los iconos",
  "command.toggleIconPacks": "Material Icons: Configurar paquetes de iconos",
  "command.changeFolderTheme": "Material Icons: Personalizar iconos de carpetas",
  "command.changeFolderColor": "Material Icons: Cambiar color de carpeta",
  "command.changeFileColor": "Material Icons: Cambiar color del archivo",
  "command.restoreDefaultConfig": "Material Icons: Restaurar la configuración predeterminada",
  "command.toggleExplorerArrows": "Material Icons: Deshabilitar flechas delante de carpetas",
  "command.changeOpacity": "Material Icons: Cambiar la opacidad",
  "command.toggleGrayscale": "Material Icons: Alternar la escala de grises",
  "command.changeSaturation": "Material Icons: Cambiar saturación",
  "configuration.title": "Material Icons",
  "configuration.files.associations": "Configurar asociaciones personalizadas de iconos de archivos.",
  "configuration.folders.associations": "Configurar asociaciones personalizadas de iconos de carpetas.",
  "configuration.languages.associations": "Configurar asociaciones personalizadas de iconos de idioma.",
  "configuration.customClones": "Clonar cualquier icono existente y crear uno nuevo con colores y asociaciones personalizadas",
  "configuration.customClones.base": "Icono usado como base para crear el icono clonado personalizado",
  "configuration.customClones.name": "Nombre del icono personalizado",
  "configuration.customClones.color": "Color usado como base para recolorear el icono",
  "configuration.customClones.lightColor": "Color usado como base para recolorear el icono cuando el tema es claro",
  "configuration.customClones.fileNames": "Nombres de archivo para asociar con el icono personalizado",
  "configuration.customClones.fileExtensions": "Extensiones de archivo para asociar con el icono personalizado",
  "configuration.customClones.folderNames": "Nombres de carpeta para asociar con el icono personalizado",
  "configuration.activeIconPack": "Seleccionar un paquete de iconos que permita iconos específicos.",
  "configuration.activeIconPack.angular": "Iconos de Angular.",
  "configuration.activeIconPack.angular_ngrx": "Iconos de Angular y ngrx.",
  "configuration.activeIconPack.react": "Iconos de React.",
  "configuration.activeIconPack.react_redux": "Iconos de React y Redux.",
  "configuration.activeIconPack.roblox": "Iconos de Roblox.",
  "configuration.activeIconPack.qwik": "Iconos de Qwik.",
  "configuration.activeIconPack.vue": "Iconos de Vue.",
  "configuration.activeIconPack.vue_vuex": "Iconos de Vue y Vuex.",
  "configuration.activeIconPack.nest": "Iconos de NestJS.",
  "configuration.activeIconPack.none": "No hay ningún paquete de iconos activo.",
  "configuration.folders.theme": "Seleccionar el tipo de iconos de carpeta.",
  "configuration.folders.theme.specific": "Seleccionar iconos de carpeta específicos.",
  "configuration.folders.theme.classic": "Seleccionar iconos de carpetas clásicas.",
  "configuration.folders.theme.none": "Sin iconos de carpeta.",
  "configuration.folders.color": "Cambiar el color de las carpetas.",
  "configuration.files.color": "Cambiar el color de los iconos de archivos.",
  "configuration.hidesExplorerArrows": "Deshabilitar flechas delante de carpetas.",
  "configuration.opacity": "Cambiar la opacidad de los iconos.",
  "configuration.saturation": "Cambiar la saturación de los iconos."
}
