{
  "command.activateIcons": "Material Icons: 아이콘 테마 활성화",
  "command.toggleIconPacks": "Material Icons: 아이콘 팩 구성",
  "command.changeFolderTheme": "Material Icons: 폴더 테마 변경",
  "command.changeFolderColor": "Material Icons: 폴더 색상 변경",
  "command.changeFileColor": "Material Icons: 파일 색상 변경",
  "command.restoreDefaultConfig": "Material Icons: 기본 설정 복원",
  "command.toggleExplorerArrows": "Material Icons: 파일 탐색기의 폴더 화살표 설정",
  "command.changeOpacity": "Material Icons: 투명도 변경",
  "command.toggleGrayscale": "Material Icons: 그레이스케일 설정",
  "command.changeSaturation": "Material Icons: 채도 변경",
  "configuration.title": "Material Icons",
  "configuration.files.associations": "사용자 정의 파일 아이콘 설정.",
  "configuration.folders.associations": "사용자 정의 폴더 아이콘 설정.",
  "configuration.languages.associations": "사용자 정의 언어 아이콘 설정.",
  "configuration.activeIconPack": "특정 아이콘을 활성화하는 아이콘 팩 선택.",
  "configuration.activeIconPack.angular": "Angular용 아이콘.",
  "configuration.activeIconPack.angular_ngrx": "Angular 및 ngrx용 아이콘.",
  "configuration.activeIconPack.react": "React용 아이콘.",
  "configuration.activeIconPack.react_redux": "React 및 Redux용 아이콘.",
  "configuration.activeIconPack.roblox": "Roblox용 아이콘.",
  "configuration.activeIconPack.qwik": "Qwik용 아이콘.",
  "configuration.activeIconPack.vue": "Vue용 아이콘.",
  "configuration.activeIconPack.vue_vuex": "Vue 및 Vuex용 아이콘.",
  "configuration.activeIconPack.nest": "NestJS용 아이콘.",
  "configuration.activeIconPack.none": "아이콘 팩 비활성화.",
  "configuration.folders.theme": "폴더 아이콘의 유형 설정.",
  "configuration.folders.theme.specific": "특정 폴더 아이콘 선택.",
  "configuration.folders.theme.classic": "클래식 폴더 아이콘 선택.",
  "configuration.folders.theme.none": "폴더 아이콘 없음.",
  "configuration.folders.color": "폴더 아이콘의 색상 변경.",
  "configuration.files.color": "파일 아이콘의 색상 변경.",
  "configuration.hidesExplorerArrows": "파일 탐색기의 폴더 화살표 숨기기.",
  "configuration.opacity": "아이콘의 투명도 변경.",
  "configuration.saturation": "아이콘의 채도 변경."
}
