{
  "command.activateIcons": "Material Icons: Aktifkan Tema Ikon",
  "command.toggleIconPacks": "Material Icons: Konfigurasi Paket Ikon",
  "command.changeFolderTheme": "Material Icons: Ubah Tema Folder",
  "command.changeFolderColor": "Material Icons: Ubah Warna Folder",
  "command.changeFileColor": "Material Icons: Ubah Warna File",
  "command.restoreDefaultConfig": "Material Icons: Pulihkan Konfigurasi Default",
  "command.toggleExplorerArrows": "Material Icons: Alihkan Panah Explorer",
  "command.changeOpacity": "Material Icons: Ubah Opasitas",
  "command.toggleGrayscale": "Material Icons: Alihkan Grayscale",
  "command.changeSaturation": "Material Icons: Ubah Saturasi",
  "configuration.title": "Material Icons",
  "configuration.files.associations": "Tetapkan asosiasi ikon file kustom.",
  "configuration.folders.associations": "Tetapkan asosiasi ikon folder kustom.",
  "configuration.languages.associations": "Tetapkan asosiasi ikon bahasa kustom.",
  "configuration.customClones": "Klon ikon yang ada dan buat yang baru dengan warna dan asosiasi kustom",
  "configuration.customClones.base": "Ikon yang digunakan sebagai dasar untuk membuat ikon klon kustom",
  "configuration.customClones.name": "Nama ikon kustom",
  "configuration.customClones.color": "Warna yang digunakan sebagai dasar untuk mengubah warna ikon",
  "configuration.customClones.lightColor": "Warna yang digunakan sebagai dasar untuk mengubah warna ikon ketika tema terang",
  "configuration.customClones.fileNames": "Nama file yang akan diasosiasikan dengan ikon kustom",
  "configuration.customClones.fileExtensions": "Ekstensi file yang akan diasosiasikan dengan ikon kustom",
  "configuration.customClones.folderNames": "Nama folder yang akan diasosiasikan dengan ikon kustom",
  "configuration.customClones.activeForPacks": "Hanya buat klon ini ketika paket ikon aktif adalah salah satu dari ini.",
  "configuration.activeIconPack": "Pilih paket ikon yang mengaktifkan ikon tertentu.",
  "configuration.activeIconPack.angular": "Ikon untuk Angular.",
  "configuration.activeIconPack.angular_ngrx": "Ikon untuk Angular dan ngrx.",
  "configuration.activeIconPack.react": "Ikon untuk React.",
  "configuration.activeIconPack.react_redux": "Ikon untuk React dan Redux.",
  "configuration.activeIconPack.roblox": "Ikon untuk Roblox.",
  "configuration.activeIconPack.qwik": "Ikon untuk Qwik.",
  "configuration.activeIconPack.vue": "Ikon untuk Vue.",
  "configuration.activeIconPack.vue_vuex": "Ikon untuk Vue dan Vuex.",
  "configuration.activeIconPack.nest": "Ikon untuk NestJS.",
  "configuration.activeIconPack.none": "Tidak ada paket ikon yang diaktifkan.",
  "configuration.folders.theme": "Tetapkan jenis untuk ikon folder.",
  "configuration.folders.theme.specific": "Pilih ikon folder spesifik.",
  "configuration.folders.theme.classic": "Pilih ikon folder klasik.",
  "configuration.folders.theme.none": "Tidak ada ikon folder.",
  "configuration.folders.color": "Ubah warna ikon folder.",
  "configuration.files.color": "Ubah warna ikon file.",
  "configuration.hidesExplorerArrows": "Sembunyikan panah explorer sebelum folder.",
  "configuration.opacity": "Ubah opasitas ikon.",
  "configuration.saturation": "Ubah saturasi ikon.",
  "configuration.enableLogging": "Aktifkan pencatatan ke saluran output.",
  "configuration.logLevel": "Tetapkan level log untuk pesan output."
}
